company_id,year,opm,net_profit_margin,roe,debt_to_equity,operating_cashflow_ratio
ABB,Dec 2012,12.220205686630369,8.771929824561402,22.411128284389488,0.0,0.06110102843315184
ABB,Mar 2014,11.731107205623902,8.699472759226714,25.12690355329949,0.0,0.06810193321616871
ABB,Mar 2014,11.731107205623902,8.699472759226714,25.12690355329949,0.0,0.0
ABB,Mar 2015,13.630406290956751,10.004368719965049,24.439701173959445,0.0,0.09392747924858016
ABB,Mar 2015,13.630406290956751,10.004368719965049,24.439701173959445,0.0,-0.01529051987767584
ABB,Mar 2016,13.963274674827849,9.755164498852334,21.338912133891213,0.0,0.09525631216526396
ABB,Mar 2016,13.963274674827849,9.755164498852334,21.338912133891213,0.0,0.5906656465187452
ABB,Mar 2017,13.709955218739237,9.541853255253187,19.971160778658977,0.0,0.10575266965208405
ABB,Mar 2017,13.709955218739237,9.541853255253187,19.971160778658977,0.0,0.754047537030658
ABB,Mar 2018,15.918738629472406,12.15888417222559,23.685764914353218,0.0,0.04639175257731959
ABB,Mar 2018,15.918738629472406,12.15888417222559,23.685764914353218,0.0,0.6664645239539114
ABB,Mar 2019,16.444686055993476,12.231584669747214,22.410358565737052,0.0,0.13563468333786355
ABB,Mar 2019,16.444686055993476,12.231584669747214,22.410358565737052,0.0,0.7042674639847785
ABB,Mar 2020,18.49499144881505,14.488150500855118,24.39325380501851,0.07198683669271905,0.15294405081847057
ABB,Mar 2020,18.49499144881505,14.488150500855118,24.39325380501851,0.07198683669271905,1.3283655020767164
ABB,Mar 2021,21.392111368909514,16.03248259860789,26.5564950038432,0.058800922367409685,0.16867749419953595
ABB,Mar 2021,21.392111368909514,16.03248259860789,26.5564950038432,0.058800922367409685,0.8779582366589327
ABB,Mar 2022,22.023203745165887,16.26297577854671,28.333333333333332,0.05390070921985816,0.1929574598005292
ABB,Mar 2022,22.023203745165887,16.26297577854671,28.333333333333332,0.05390070921985816,0.8339100346020761
ABB,Mar 2023,22.546270330902974,17.74163395027108,29.767879548306148,0.03544542032622334,0.16694709291456347
ABB,Mar 2023,22.546270330902974,17.74163395027108,29.767879548306148,0.03544542032622334,0.7061132922041503
ABB,Mar 2024,24.84185330825782,20.533424517011454,32.46823465801568,0.022438496891051634,0.2073858779278509
ABB,Mar 2024,24.84185330825782,20.533424517011454,32.46823465801568,0.022438496891051634,1.0323132159343478
ADANIENSOL,Mar 2018,71.65314401622717,28.98073022312373,18.87072808320951,1.7216443784051512,0.5573022312373225
ADANIGREEN,Mar 2022,68.42002727449834,9.526592635885448,18.706962509563887,20.211170619739864,0.6091954022988506
ADANIPORTS,Mar 2013,66.59211629857423,45.820519988817445,25.633406318423525,1.817328745699093,0.38551859099804303
ADANIPORTS,Mar 2014,60.43478260869565,36.04554865424431,19.86309184255562,1.4807758128921849,0.23436853002070393
ADANIPORTS,Mar 2015,63.42652795838751,37.77633289986996,21.58848118903855,1.651277287505806,0.4969115734720416
ADANIPORTS,Mar 2016,64.38317625545083,40.17442678295119,21.147723065531284,1.6543502406516104,0.3349275566183711
ADANIPORTS,Mar 2017,64.20191965872733,46.23770588932338,22.264064817984707,1.2674883030925481,0.4814551487143026
ADANIPORTS,Mar 2018,63.20763048662016,32.588536606906295,17.652968473424867,1.0701813136870306,0.4952751037710854
ADANIPORTS,Mar 2019,60.37528604118994,37.02517162471396,16.596914492040046,1.1370425077958313,0.5518535469107552
ADANIPORTS,Mar 2021,69.22709163346613,40.23107569721115,16.586183108307875,1.1778522387569397,0.6020717131474104
ADANIPORTS,Mar 2024,58.36172363445772,30.339560480700833,15.3548827162833,0.9373223691689719,0.5622402755419116
ADANIPOWER,Mar 2022,35.6573201977554,17.725812854101257,26.613209080565635,2.662675407704394,0.36927573887625853
ADANIPOWER,Mar 2023,26.038738297268715,27.666159440848016,35.90507430713616,1.4175257731958764,0.21744512934258375
ADANIPOWER,Mar 2024,36.20186292228556,41.36759945184802,48.27674122146251,0.8023177656738903,0.2814244007070366
APOLLOHOSP,Mar 2022,14.928732183045762,7.556434563186251,19.704783923172684,0.723457229237062,0.11566527995635273
ASIANPAINT,Mar 2013,16.536557501904035,11.043412033511043,34.2789598108747,0.0741725768321513,0.113004569687738
ASIANPAINT,Mar 2013,16.536557501904035,11.043412033511043,34.2789598108747,0.0741725768321513,0.113004569687738
ASIANPAINT,Mar 2014,16.399345335515548,10.335515548281506,31.27011636543699,0.06164892300074276,0.11472995090016366
ASIANPAINT,Mar 2014,16.399345335515548,10.335515548281506,31.27011636543699,0.06164892300074276,0.11472995090016366
ASIANPAINT,Mar 2015,16.47447668013221,10.481087036356959,30.09278785322649,0.08814846056516237,0.08725670216672787
ASIANPAINT,Mar 2015,16.47447668013221,10.481087036356959,30.09278785322649,0.08814846056516237,0.08725670216672787
ASIANPAINT,Mar 2016,19.09466750753276,12.634013033424427,27.632183908045977,0.04950191570881226,0.15717188704365495
ASIANPAINT,Mar 2016,19.09466750753276,12.634013033424427,27.632183908045977,0.04950191570881226,0.15717188704365495
ASIANPAINT,Mar 2017,19.87783826849024,13.384676669764971,26.512361914781696,0.07364544976328248,0.10138095870402337
ASIANPAINT,Mar 2017,19.87783826849024,13.384676669764971,26.512361914781696,0.07364544976328248,0.10138095870402337
ASIANPAINT,Mar 2018,19.043090638930163,12.469539375928678,24.94649227110583,0.0633769322235434,0.12558692421991086
ASIANPAINT,Mar 2018,19.043090638930163,12.469539375928678,24.94649227110583,0.0633769322235434,0.12558692421991086
ASIANPAINT,Mar 2019,19.56860706860707,11.476091476091476,23.3132720937599,0.13937282229965156,0.12837837837837837
ASIANPAINT,Mar 2019,19.56860706860707,11.476091476091476,23.3132720937599,0.13937282229965156,0.12837837837837837
ASIANPAINT,Mar 2020,20.568007520657066,13.725199148978279,27.38400789733465,0.11036525172754195,0.15031418534461433
ASIANPAINT,Mar 2020,20.568007520657066,13.725199148978279,27.38400789733465,0.11036525172754195,0.15031418534461433
ASIANPAINT,Mar 2021,22.36448210749321,14.769953484087875,25.042948617835393,0.0853506168983289,0.16962188550637866
ASIANPAINT,Mar 2021,22.36448210749321,14.769953484087875,25.042948617835393,0.0853506168983289,0.16962188550637866
ASIANPAINT,Mar 2022,16.50802377925157,10.60101027456101,22.335650159281784,0.11490008688097307,0.03388199718222742
ASIANPAINT,Mar 2022,16.50802377925157,10.60101027456101,22.335650159281784,0.11490008688097307,0.03388199718222742
ASIANPAINT,Mar 2023,18.150714720635566,12.163298442981821,26.231865932966482,0.12087293646823412,0.1215749949259184
ASIANPAINT,Mar 2023,18.150714720635566,12.163298442981821,26.231865932966482,0.12087293646823412,0.1215749949259184
ASIANPAINT,Mar 2024,21.3692069305536,15.658543456824905,29.677488252883382,0.1321016659547202,0.17196788280039443
ASIANPAINT,Mar 2024,21.3692069305536,15.658543456824905,29.677488252883382,0.1321016659547202,0.17196788280039443
BAJAJ-AUTO,Mar 2013,18.257178526841447,15.645443196004994,38.84686918784873,0.014383137011779294,0.11076154806491885
BAJAJ-AUTO,Mar 2013,18.257178526841447,15.645443196004994,38.84686918784873,0.014383137011779294,0.11076154806491885
BAJAJ-AUTO,Mar 2014,20.673387297015445,16.785022595222724,33.24481164551982,0.0058030884233303826,0.1739087252321597
BAJAJ-AUTO,Mar 2014,20.673387297015445,16.785022595222724,33.24481164551982,0.0058030884233303826,0.1739087252321597
BAJAJ-AUTO,Mar 2015,19.115536003704563,14.012502894188469,27.273546642631818,0.010094637223974764,0.09789303079416532
BAJAJ-AUTO,Mar 2015,19.115536003704563,14.012502894188469,27.273546642631818,0.010094637223974764,0.09789303079416532
BAJAJ-AUTO,Mar 2016,21.23239124656685,17.989722689820148,28.96576319543509,0.008416547788873038,0.16346239036059182
BAJAJ-AUTO,Mar 2016,21.23239124656685,17.989722689820148,28.96576319543509,0.008416547788873038,0.16346239036059182
BAJAJ-AUTO,Mar 2017,20.358538267065043,18.7497127097219,22.843862007168457,0.006720430107526882,0.1501723741668582
BAJAJ-AUTO,Mar 2017,20.358538267065043,18.7497127097219,22.843862007168457,0.006720430107526882,0.1501723741668582
BAJAJ-AUTO,Mar 2018,19.22253074176914,16.735422451408173,20.656058751529986,0.005924112607099143,0.17167790559301865
BAJAJ-AUTO,Mar 2018,19.22253074176914,16.735422451408173,20.656058751529986,0.005924112607099143,0.17167790559301865
BAJAJ-AUTO,Mar 2019,17.12234007510376,16.2329534224916,21.211208195239532,0.005380278052769767,0.08192239277949799
BAJAJ-AUTO,Mar 2019,17.12234007510376,16.2329534224916,21.211208195239532,0.005380278052769767,0.08192239277949799
BAJAJ-AUTO,Mar 2020,17.076105484808984,17.42036832781844,24.06056689133044,0.005816637429600221,0.12868077141615697
BAJAJ-AUTO,Mar 2020,17.076105484808984,17.42036832781844,24.06056689133044,0.005816637429600221,0.12868077141615697
BAJAJ-AUTO,Mar 2021,17.800367686817346,17.508381096571863,17.808821911780882,0.0044366223004436624,0.11246890883529793
BAJAJ-AUTO,Mar 2021,17.800367686817346,17.508381096571863,17.808821911780882,0.0044366223004436624,0.11246890883529793
BAJAJ-AUTO,Mar 2022,15.866646553024587,18.60310755770101,20.650390167118793,0.004119360996684417,0.1266254337004073
BAJAJ-AUTO,Mar 2022,15.866646553024587,18.60310755770101,20.650390167118793,0.004119360996684417,0.1266254337004073
BAJAJ-AUTO,Mar 2023,17.734192840488273,16.62323412426279,20.638921054424088,0.004223145562291397,0.14475380606226856
BAJAJ-AUTO,Mar 2023,17.734192840488273,16.62323412426279,20.638921054424088,0.004223145562291397,0.14475380606226856
BAJAJ-AUTO,Mar 2024,19.534209939826162,17.178515712057056,26.61418410330778,0.06601754022512257,0.1461555605081346
BAJAJ-AUTO,Mar 2024,19.534209939826162,17.178515712057056,26.61418410330778,0.06601754022512257,0.1461555605081346
AXISBANK,Mar 2013,30.58161350844278,19.05234889452967,15.6191567645817,8.93461608058387,0.0946547474524519
AXISBANK,Mar 2014,31.474168597630626,20.293071374955126,16.194395249505156,8.680070840712574,0.47204725694331123
AXISBANK,Mar 2015,31.36221426759492,20.739028721215366,16.369663396293575,9.046652873256358,-0.42735139096366864
AXISBANK,Mar 2016,32.611983995315704,20.064409095344978,15.355029033402415,8.815511865419444,-0.8415877817897921
AXISBANK,Mar 2024,34.69264599658038,22.73130411725443,15.832712405189048,8.249122739980766,-0.05079135769733654
BAJAJFINSV,Mar 2013,48.80198634388579,27.48603351955307,28.377339143809277,1.6650858754165598,-0.8593420235878336
BAJAJFINSV,Mar 2014,74.5641706790636,36.37722065415906,23.528780068728523,2.0948238831615122,-1.6282583430184294
BAJAJFINSV,Mar 2015,48.619320688134096,21.25275694750772,21.724231220128054,2.372801875732708,-0.9467137185707984
BAJAJFINSV,Mar 2016,32.82033799249987,13.514829786197827,20.405912199426428,2.651812633281859,-0.4770369648857936
BAJAJFINSV,Mar 2017,35.553107275472314,14.077610478638755,21.360906445421335,2.989412420283574,-0.4456685844860652
BAJAJFINSV,Mar 2018,32.82819061530034,12.707686689793682,20.387638529512277,3.2072938534394377,-0.5958249650051731
BAJAJFINSV,Mar 2019,35.29397957986152,12.61354301138364,22.636899747262003,4.201937657961246,-0.6355122638188007
BAJAJFINSV,Mar 2020,33.59275818292212,11.028315946348734,19.148936170212767,4.0640214682767875,-0.4299644900737797
BAJAJFINSV,Mar 2021,32.415170319514125,12.158370742012146,20.56098241696902,3.585291655037678,0.07504290995510958
BAJAJFINSV,Mar 2022,31.364207818027655,12.153904628248984,20.657440306109773,4.004745695331329,-0.492208285822881
BAJAJFINSV,Mar 2023,36.39243590993274,14.877181011794521,26.310685887904846,4.573986683043507,-0.48104103713812263
BAJAJFINSV,Mar 2024,37.04045949520755,14.128209309488865,25.850351412279537,4.789368120938867,-0.6221485387110217
BAJAJHLDNG,Mar 2013,95.54896142433235,550.7418397626113,17.941034316094733,0.0,1.403560830860534
BAJAJHLDNG,Mar 2014,94.56264775413712,469.97635933806146,16.56804733727811,0.0,2.061465721040189
BAJAJHLDNG,Mar 2015,92.36641221374046,387.2137404580153,15.149705069812589,0.0,1.5190839694656488
BAJFINANCE,Mar 2015,32.49258160237389,16.654302670623146,18.708333333333332,5.553125,-1.3100890207715135
BAJFINANCE,Mar 2016,32.25099328675161,17.522948349088914,17.220950585700823,4.985189174633096,-1.3522400328812165
BAJFINANCE,Mar 2017,32.59779338014042,18.415245737211634,19.125,5.130208333333333,-1.0470411233701102
BAJFINANCE,Mar 2018,32.28463831790366,19.58261415345991,15.749621403331652,4.1997097425542655,-1.613525812019457
BAJFINANCE,Mar 2019,29.501812084167252,21.609779845296696,20.2822764888054,5.1575366807127985,-1.5720235841402066
BAJFINANCE,Mar 2020,34.72738302874043,19.959050580116784,16.283098243009157,4.015280871071517,-0.92560855387882
BAJFINANCE,Mar 2022,37.546221674409786,22.211687367655887,16.07759705350811,3.779928167821929,-1.1722132675958408
BAJFINANCE,Mar 2023,30.65127623095313,27.7897177078554,21.16530567203708,3.985323328183624,-1.0169278694066795
BAJFINANCE,Mar 2024,29.285818234737686,26.287928399912687,18.841921351830603,3.824788776468134,-1.323582914938514
BANKBARODA,Mar 2024,37.4889127294537,15.93948250956673,15.761863790899902,12.143718727289434,-0.05299926507235236
BHARTIARTL,Mar 2023,51.22282511049624,8.830356822020196,15.84131609143535,2.914018281912768,0.4694742894103274
BEL,Mar 2013,10.664753706360592,14.522556990275785,15183.333333333334,4.0,-0.24533715925394547
BEL,Mar 2014,14.191469776004908,14.605707272169377,13600.0,3.0,-0.08729671678428966
BEL,Mar 2015,16.622021711546594,16.875793035387,17100.0,3.7142857142857144,0.20217115465952348
BEL,Mar 2016,18.94207234158281,18.18058199619255,11141.666666666668,2.0833333333333335,0.3073157465324993
BEL,Mar 2017,20.70240295748614,17.594731977818853,10153.333333333334,1.9333333333333333,-0.007047134935304991
BEL,Mar 2018,19.603884241899816,13.758292471877704,4616.129032258064,1.5483870967741935,-0.06605134121719065
BEL,Mar 2019,23.914830647813222,15.512989148306477,3851.020408163265,0.9591836734693877,0.12446563630384742
BEL,Mar 2020,21.275447254781,14.073103022825418,3318.181818181818,0.8,0.19818013571869217
BEL,Mar 2021,22.779785952229073,14.88411652136934,3559.322033898305,0.8305084745762712,0.3609752640158764
BEL,Mar 2022,21.759500260281104,15.616866215512754,3478.260869565217,0.8405797101449275,0.273750650702759
BEL,Mar 2023,23.063042742754032,16.837712867937295,3981.333333333333,0.52,0.06761024021653321
BEL,Mar 2024,24.921057825143084,19.661535425300965,4744.047619047619,0.5119047619047619,0.22986974541148608
BHEL,Mar 2013,19.39144837740016,13.686276915526655,21.90906412648532,0.08831712985695113,0.035969163446005356
BOSCHLTD,Dec 2012,15.59071486314817,11.063633213996997,17.19002332675399,0.041270410909743406,0.1005889825614967
BOSCHLTD,Mar 2015,16.390865464173423,11.070660268078768,18.211514904042467,0.015108207431604737,0.11550554360417012
BOSCHLTD,Mar 2016,19.3588289867024,15.781878156891041,16.056633455689564,0.005243838489774515,0.13586228223894445
BOSCHLTD,Mar 2017,18.811691423095354,16.684235745088642,19.786339356745085,0.0,0.13962625778629612
BOSCHLTD,Mar 2019,17.823748448489862,13.223003723624327,17.508491289580366,0.0,0.049069093918080266
BOSCHLTD,Mar 2024,12.524660728164047,14.886112273569676,20.639920424403183,0.003232758620689655,0.07490883003527231
BPCL,Mar 2014,3.5602316003645704,1.5327829484042492,20.848765432098766,1.705349794238683,0.03626035753589919
BPCL,Mar 2015,4.031360522345609,2.0948235352311233,22.524598883077743,1.1298643737257335,0.08549946825612742
BPCL,Mar 2016,6.906264142906584,4.306897745121529,29.103403612290425,0.8414765776786357,0.05920187418470303
BPCL,Mar 2017,6.84866162155716,4.723951682227666,30.847853596807163,1.1591875141957884,0.04492400037763788
BPCL,Mar 2018,6.493143135717163,4.150999385319739,26.740216827330077,1.0284005570878505,0.04691918014370801
BPCL,Mar 2019,5.067297955241997,2.859576294488073,21.999226106023475,1.1566877337804722,0.03405806334793077
BPCL,Mar 2021,9.124086005621908,7.524840227483046,32.340584445896745,1.0182429278312015,0.10190249857714481
BPCL,Mar 2022,5.518309298684223,3.3685995311297003,22.50650226375108,1.243309893073885,0.058640506818227696
BPCL,Mar 2024,9.837909494446341,5.994201967046283,35.511337343822305,0.7218747934157467,0.08019942733823868
BRITANNIA,Mar 2013,6.806790622473727,4.203718674211803,46.59498207885305,0.6810035842293907,0.05173807599029911
BRITANNIA,Mar 2014,9.069868363951974,5.713872414291914,49.49874686716792,0.18796992481203006,0.09706350354404744
BRITANNIA,Mar 2015,11.071519470603207,8.768134385339781,55.34136546184739,0.11646586345381527,0.07431916518198015
BRITANNIA,Mar 2016,14.576634512325832,9.824937477670597,39.4359464627151,0.06261950286806883,0.11420745504346791
BRITANNIA,Mar 2017,14.115308151093439,9.774685222001326,32.826409495548965,0.046364985163204746,0.048707753479125246
BRITANNIA,Mar 2018,15.14020576961872,10.127092999798265,29.47739283617146,0.05901350557839107,0.1259834577365342
BRITANNIA,Mar 2019,15.66711895070104,10.44776119402985,27.157300728897248,0.03667999059487421,0.10456806874717323
BRITANNIA,Mar 2020,15.887931034482758,12.017241379310345,31.66023166023166,0.3493072904837611,0.12801724137931034
BRITANNIA,Mar 2021,19.10018270401949,14.091047503045068,52.17023675310034,0.5980834272829764,0.1428136419001218
BRITANNIA,Mar 2022,15.570175438596493,10.724391624221845,59.26505082095387,0.9698983580922595,0.0919637804187889
BRITANNIA,Mar 2023,17.36703269738053,14.207717317955954,65.53480475382003,0.8480475382003395,0.15495981841604808
BRITANNIA,Mar 2024,18.886039716142882,12.725863199952292,54.14869322506978,0.5239786856127886,0.15343789134712862
CANBK,Mar 2024,41.753906568101414,13.935160470145405,16.716051794688113,14.867419925542423,0.13613948732797077
CHOLAFIN,Mar 2013,26.770428015564203,11.98443579766537,15.778688524590164,7.822233606557377,-1.4607003891050583
CHOLAFIN,Mar 2014,28.42329978652028,11.222933821286977,16.09094884127678,7.903366856143419,-0.7462641049100336
CHOLAFIN,Mar 2015,28.559892328398384,11.951547779273216,16.598130841121495,7.457943925233645,-0.609421265141319
CHOLAFIN,Mar 2016,30.042714760322735,13.64499288087328,15.66757493188011,6.143324250681199,-0.6665875652586616
CHOLAFIN,Mar 2017,28.163613123135917,15.296122709842352,16.70544439274081,5.600511865984179,-0.31273966766084366
CHOLAFIN,Mar 2018,26.101816873538407,16.51376146788991,17.912195121951218,7.479024390243903,-1.425796006475985
CHOLAFIN,Mar 2019,22.960045019696118,16.840180078784467,19.281572164948454,8.145457474226804,-1.310776589758019
CHOLAFIN,Mar 2021,30.397579046227698,15.871856412396953,15.84375,6.638541666666667,-0.9233016800584368
CHOLAFIN,Mar 2022,28.83326763894363,21.225857311785575,18.302319653326535,5.87764465969921,-0.5489751675206938
CHOLAFIN,Mar 2023,28.104625892579943,20.684570009313877,18.576606719643106,6.786421302105117,-2.103772120459485
CHOLAFIN,Mar 2024,28.10102802275218,17.846892448990243,17.455213596692694,6.863420609401317,-1.8620779627406983
CIPLA,Mar 2013,73.25763981157145,18.661674115231307,17.130502272979268,0.10721809513249805,0.1688609735475299
CIPLA,Mar 2024,75.59168153953597,16.11701714906495,15.554557028383135,0.020931625851868495,0.16039419570109412
COALINDIA,Mar 2013,73.51946473800565,25.41030408620412,35.80623865324311,0.026922759531275788,0.13336163858102865
COALINDIA,Mar 2014,74.83854520734195,21.402673917969636,35.63814734459013,0.0041977171964908975,0.20571323362791752
COALINDIA,Mar 2015,76.60145709660011,18.519967620075555,34.01729735087849,0.010110772433276337,0.19403669724770642
COALINDIA,Mar 2016,75.96486045645446,18.323679377351947,40.95828668216921,0.034421382022794475,0.1689420891075121
COALINDIA,Mar 2017,84.0745100046057,11.872473261347935,37.84974304592544,0.12293009217717596,0.2105956706412159
COALINDIA,Mar 2018,89.10421847871991,8.25629956360565,34.87957181088314,0.07622162751511548,0.24770071793909249
COALINDIA,Mar 2019,74.88904062820076,17.536601530335588,66.01398601398601,0.08353808353808354,0.16423995340710543
COALINDIA,Mar 2020,77.53955037468776,17.38134887593672,51.93270516528283,0.20008085331343098,0.05180058284762698
COALINDIA,Mar 2021,79.3081998533757,14.109257325661476,34.78284681526918,0.16112602004490936,0.11765489969564348
COALINDIA,Mar 2022,77.46889668687052,15.839219796746114,40.27999907285075,0.08145006142363767,0.3746707378207173
COALINDIA,Mar 2023,68.00624945751237,22.94578016954547,52.13911214108443,0.07118320924346268,0.2584700402164164
COALINDIA,Mar 2024,66.29380849329698,26.25628846856468,45.16982956605826,0.0788468512027076,0.1271956943312442
DABUR,Mar 2013,16.156351791530945,12.47557003257329,36.563245823389025,0.5494033412887828,0.14169381107491857
DABUR,Mar 2014,16.463587418532164,12.978180787758573,34.48795180722892,0.26656626506024095,0.15556814961745538
DABUR,Mar 2015,16.93393200769724,13.701090442591404,31.84257602862254,0.21884317233154443,0.13431686978832585
DABUR,Mar 2016,19.511568123393317,16.118251928020566,30.064732678014867,0.19299928074802206,0.1525706940874036
DABUR,Mar 2017,19.858156028368796,16.811137378513266,26.408087476789767,0.20115535382710956,0.161150512214342
DABUR,Mar 2018,20.94017094017094,17.586117586117584,23.79950928846828,0.16438836312653346,0.1414141414141414
DABUR,Mar 2019,20.434527304756312,16.981796829125074,25.67471590909091,0.12411221590909091,0.17604227833235467
DABUR,Mar 2020,20.63327576280944,16.672423719055843,21.91946715107478,0.07901907356948229,0.1858376511226252
DABUR,Mar 2021,20.937042459736457,17.72641706755909,22.116388308977037,0.06641440501043841,0.2211880359757373
DABUR,Mar 2022,20.681421618146754,15.997795940857745,20.782629444046766,0.12288236697685516,0.1654881072642116
DABUR,Mar 2023,18.751084128360798,14.752818733738074,18.956870611835505,0.13083695531037556,0.12905464006938422
DABUR,Mar 2024,19.348597226701063,14.600128990648178,18.355969997972835,0.13835394283397526,0.16228635923895518
DIVISLAB,Mar 2013,38.04195804195804,28.065268065268068,24.070371851259495,0.013194722111155539,0.22377622377622378
DIVISLAB,Mar 2014,40.20537124802528,30.529225908372826,26.07962213225371,0.006072874493927126,0.21998420221169035
DIVISLAB,Mar 2015,37.65650080256822,27.351524879614768,24.37070938215103,0.007723112128146453,0.2651685393258427
DIVISLAB,Mar 2016,37.6853813559322,29.81991525423729,26.22874446773818,0.009783368273934312,0.2748940677966102
DIVISLAB,Mar 2017,35.67913385826771,26.08267716535433,19.787194325182007,0.006720179204778794,0.2829724409448819
DIVISLAB,Mar 2019,37.88920339668419,27.355438738374442,19.448037947391118,0.015236452493891045,0.1928831378892034
DIVISLAB,Mar 2020,33.852428624397476,25.528364849833146,18.83720930232558,0.00533515731874145,0.22543566926214312
DIVISLAB,Mar 2021,41.13933132443679,28.46893384990673,21.34480903711673,0.0005379236148466917,0.2793801119242359
DIVISLAB,Mar 2022,43.359375,33.035714285714285,25.2387448840382,0.00034106412005457026,0.21339285714285713
DMART,Mar 2014,7.276995305164319,3.4357661118224496,16.84100418410042,0.6705020920502092,0.04225352112676056
DMART,Mar 2015,7.081845006988663,3.292436713775431,17.666666666666668,0.7533333333333333,0.03447740332349744
DMART,Mar 2016,7.735321528424977,3.727865796831314,21.038790269559502,0.7836949375410914,0.05044268406337372
DMART,Mar 2018,9.000199560965875,5.361537949843678,17.262797172842152,0.09402441636324695,0.048559835029601546
DMART,Mar 2019,8.162959260184955,4.508872781804548,16.144621442634687,0.12529085376767496,0.04033991502124469
DRREDDY,Mar 2013,22.555564945491422,12.904588861658075,23.97550635892605,0.5781127335531481,0.11645398461928505
DRREDDY,Mar 2014,24.23406634364517,14.632873648900485,24.958677685950413,0.5692307692307692,0.1468505404398062
DRREDDY,Mar 2015,23.35086201158224,15.549490780802769,23.708515173043743,0.4378361920227342,0.16800905278572856
DRREDDY,Mar 2016,23.028006166495373,13.688335046248715,16.95441164770467,0.2666878828864667,0.20959660842754368
DRREDDY,Mar 2023,26.22618565058776,18.269152817186868,19.35497723954307,0.05784591600103066,0.2386704499391974
DRREDDY,Mar 2024,28.321016743422227,19.913605369319196,19.74233736816026,0.07085722375592836,0.16218628395987292
EICHERMOT,Dec 2012,8.607198748043817,7.433489827856025,27.065527065527068,0.013105413105413105,0.07762128325508608
EICHERMOT,Dec 2013,10.499265785609397,7.709251101321586,25.547445255474454,0.040875912408759124,0.1051395007342144
EICHERMOT,Dec 2014,12.794689860379949,8.033875028610666,27.90143084260731,0.023052464228934817,0.11982146944380866
EICHERMOT,Mar 2016,27.37728819050705,21.675036449052325,36.627429509991785,0.006296194908294552,0.2369998380042119
EICHERMOT,Mar 2017,30.911417602729983,23.702545144319636,31.18802619270346,0.02095416276894294,0.2428551116166643
EICHERMOT,Mar 2018,31.3329615170106,21.862799776910204,27.880512091038405,0.021479374110953058,0.27685443390964865
EICHERMOT,Mar 2019,29.641727059303868,22.486475451668877,24.702848172235928,0.020968827091276072,0.1607634990303154
EICHERMOT,Mar 2020,23.847498361372075,19.958488092637097,18.30477908025248,0.024947400060114217,0.18505571334935547
EICHERMOT,Mar 2023,23.8609610857222,20.177260767206757,19.43962641761174,0.019212808539026016,0.19547154133776484
EICHERMOT,Mar 2024,26.179245283018872,24.195694242864054,22.172346910501524,0.023219728456636186,0.22520561199806483
GAIL,Mar 2013,14.570173029387531,8.567112645662494,15.166354101548935,0.5720636243661874,0.12953662651547848
GAIL,Mar 2020,12.44104911883946,13.120880333158663,19.31273849151579,0.14029390273605585,0.11507487796133374
GAIL,Mar 2022,16.342567640400993,13.262908267758974,19.19081635836167,0.14374395607823565,0.10154144658833675
GODREJCP,Mar 2013,15.517779164067374,13.178415470991892,25.505584062782976,0.7413220645940235,0.12788521522145976
GODREJCP,Mar 2014,15.383603105671797,10.777733912356888,21.695364238410598,0.6286092715231788,0.14686142913541256
GODREJCP,Mar 2015,16.66868125226641,11.797413272089932,22.639758756668986,0.6302482022732545,0.12413876465611023
GODREJCP,Mar 2016,19.669990503323838,9.864672364672366,19.475041012420906,0.67752519334427,0.10054605887939222
GODREJCP,Mar 2017,20.576176089771256,14.113077255071213,24.669935873255376,0.7546208977744248,0.20069054812257228
GODREJCP,Mar 2018,21.163806235401644,16.593886462882097,26.110578459571748,0.5605624800255673,0.1749771504011374
GODREJCP,Mar 2019,20.67093271281753,22.70700019391119,32.22787945507087,0.4653914958029448,0.1676362226100446
GODREJCP,Mar 2020,21.733427504792655,15.104429421854505,18.95416561154723,0.45264623955431754,0.1602260115023711
GODREJCP,Mar 2021,21.751745398494876,15.604315894460061,18.23286365081047,0.1974785464561924,0.1840602049143168
GODREJCP,Mar 2022,19.623655913978492,14.524275008145976,15.429214260989962,0.1474558670820353,0.118198110133594
GRASIM,Mar 2013,21.226127772403167,13.536851911569745,19.219616421630974,0.48583201912804597,0.15199398043641835
HAL,Mar 2017,18.027855153203344,14.573816155988858,1966.9172932330828,0.015037593984962405,-0.023565459610027855
HAL,Mar 2018,18.683514228630056,10.729521032453155,1528.4615384615386,0.023076923076923078,-0.03963496949079324
HAL,Mar 2019,22.835865653738505,11.72530987604958,1763.9097744360904,0.06015037593984962,-0.38454618152738906
HAL,Mar 2020,22.75588715318256,13.252506411750991,2059.4202898550725,0.014492753623188406,0.07167171834926556
HAL,Mar 2021,23.341491128397866,14.155231186085132,2249.3055555555557,0.041666666666666664,0.6609562101214929
HAL,Mar 2022,22.014622258326565,20.65800162469537,3324.183006535948,0.0784313725490196,0.41348497156783104
HAL,Mar 2023,24.766042780748663,21.57976827094474,3283.050847457627,0.2655367231638418,0.32813428401663697
HAL,Mar 2024,32.08913465652875,24.999177117277245,3816.5829145728644,0.6180904522613065,0.2707613310950923
HAVELLS,Mar 2013,9.446391030133146,8.142957252978276,40.29126213592233,0.680998613037448,0.08941836019621584
HAVELLS,Mar 2014,9.650975034157247,5.539684511240839,26.770708283313326,0.6326530612244898,0.10781269407527015
HAVELLS,Mar 2015,8.915918752952292,4.546528105810109,21.177117711771174,0.23322332233223322,0.11372224846480869
HAVELLS,Mar 2016,10.481959441664472,17.118777982617857,42.94681202510737,0.04426825239511067,0.06755333157756123
HAVELLS,Mar 2017,13.295269168026099,8.05872756933116,15.079365079365079,0.06349206349206349,0.12512234910277326
HAVELLS,Mar 2018,12.727944800394283,8.144406111384919,17.721179624664877,0.030831099195710455,0.1355347461803844
HAVELLS,Mar 2019,11.803832026208678,7.822892881961679,18.770843258694615,0.022391615054787994,0.04973692048049241
HAVELLS,Mar 2020,11.302966101694915,7.786016949152542,17.045454545454543,0.016697588126159554,0.08760593220338983
HAVELLS,Mar 2021,15.195562780912308,9.983742947308023,20.166119374154917,0.10063743480780375,0.06311561633355647
HAVELLS,Mar 2022,12.73496914908882,8.58085808580858,19.923371647509576,0.10261535898717308,0.12397761515281963
HAVELLS,Mar 2023,9.58547690852108,6.3390692448702035,16.178690009055238,0.03365529731361304,0.03341020637454911
HAVELLS,Mar 2024,10.118343195266272,6.837009144701453,17.067275412917954,0.040687525177924,0.1050564819795589
HCLTECH,Jun 2013,22.203979516047063,15.792971345920801,30.689759951382555,0.07930720145852324,0.17559907744028772
HCLTECH,Jun 2014,24.99688899950224,20.3086112493778,33.39130434782609,0.05207161125319693,0.20087730214036834
HCLTECH,Jun 2015,23.121985776954308,20.004904498515028,30.30878467635403,0.026750330250990752,0.15092231819296478
HCLTECH,Mar 2017,21.84241506895392,18.091994618230743,26.119153843819237,0.01766366202312665,0.18909771274806592
HCLTECH,Mar 2018,22.238921078130872,17.24772093575115,23.97075798383994,0.015308085527400648,0.16468587474539736
HCLTECH,Mar 2019,23.04598937561024,16.747480430933194,24.46453609244307,0.10141178745829908,0.1484601254406143
HCLTECH,Mar 2020,24.50053766483672,15.644631841077594,21.56748005539626,0.15577271929311254,0.18901748825626805
HCLTECH,Mar 2021,26.596266864776663,14.817124132716009,18.64203094487006,0.11456612087526914,0.26025816208758407
HCLTECH,Mar 2022,23.96819651842944,15.78849050215409,21.841586717059148,0.10244855767677746,0.19731234895097546
HCLTECH,Mar 2023,22.303264469326606,14.631958681595963,22.697041510587876,0.07329714853604465,0.1775055196341271
HCLTECH,Mar 2024,22.015594151738192,14.293122742532729,23.01393141233172,0.08435023365512796,0.20423425800405776
HDFCBANK,Mar 2013,35.22210758205293,19.249323777920306,18.838523046693776,9.158311273640258,-0.16304620618499205
HDFCBANK,Mar 2014,31.742450945834804,20.60392433321584,19.851925645844183,9.434125025471506,0.0989542944424862
HDFCBANK,Mar 2015,31.903051355938892,21.12462006079027,16.947461760141874,8.071729423314437,-0.4200252634903091
HDFCBANK,Mar 2016,31.751686140400874,20.298597257844907,17.25479112833764,8.742288436692506,-0.545185396282575
HDFCBANK,Mar 2017,32.558583887213224,20.904587080836894,16.686275791446064,8.078414711201168,0.2358641208663728
HDFCBANK,Mar 2018,34.62620767282619,21.76273332708001,16.935373497933377,8.620671721457313,0.20183378669918395
HDFCBANK,Mar 2020,37.203839952859916,22.339163099788035,15.477608047267491,7.558721464294219,-0.1380566172077683
HDFCBANK,Mar 2021,40.80605513722074,24.78141141328023,15.183737667413375,7.20374624660407,0.33041881884373636
HDFCBANK,Mar 2022,41.60560852165725,28.06541313559322,15.425327602728373,7.217044641304831,-0.08798258003766478
HDFCBANK,Mar 2023,36.91977933167012,27.026599669700268,15.944347321360706,7.39091618930479,0.12189465546927158
HDFCLIFE,Mar 2013,96.26600284495022,3.1792318634423897,33.43305908750935,0.0,
HDFCLIFE,Mar 2014,96.47559128509845,4.223464988931609,37.60373443983403,0.0,
HDFCLIFE,Mar 2015,96.78853573397024,2.8881131728826013,30.932703659976386,0.0,0.16384346867536284
HDFCLIFE,Mar 2016,94.74119398048619,4.503610605810043,26.32935868514341,0.0,0.3134887823163001
HDFCLIFE,Mar 2017,96.82513786014944,2.8942473977877117,23.183481442760062,0.0,0.20328253988971187
HDFCLIFE,Mar 2018,96.67079975201489,3.4314941103533787,23.52816153028693,0.0,0.2088964662120273
HDFCLIFE,Mar 2019,96.87298931926392,3.289151975292755,22.651542006380716,0.0,0.25396988804529663
HDFCLIFE,Mar 2020,96.11640571817563,4.414567733151804,19.05391508741002,0.0,0.2514635806671205
HDFCLIFE,Mar 2021,98.27480147634493,1.9027513700928307,15.752314814814813,0.06944444444444445,0.13565317078626551
HEROMOTOCO,Mar 2014,85.94263105835806,8.316518298714143,37.38218033078428,0.050506846878890274,0.11723046488625123
HEROMOTOCO,Mar 2015,87.21766286585809,8.584501416224853,36.14678899082569,0.01529051987767584,0.07938121867964268
HEROMOTOCO,Mar 2016,84.45373721755631,10.935797870471237,35.22752999773602,0.026262168892913742,0.1307938292862916
HEROMOTOCO,Mar 2017,83.9741349178609,12.394267738552953,34.373788290034895,0.025300504071345483,0.14005592450192242
HEROMOTOCO,Mar 2018,83.56645511122065,11.467126748413333,31.089208152355496,0.019044437019712663,0.12375993591718529
HEROMOTOCO,Mar 2019,85.2079715051073,10.202820052397634,26.417682926829265,0.02378048780487805,0.030378852550705014
HEROMOTOCO,Mar 2020,86.0873726669857,12.50769125589663,25.39913924753575,0.031445231153685964,0.18862377794489643
HEROMOTOCO,Mar 2021,86.89557156238897,9.483510449303918,19.045147898287492,0.03788271925272444,0.13275622597629122
HEROMOTOCO,Mar 2023,88.00281046899701,8.197201241290474,16.810758885686838,0.034101825168107586,0.07652672873119035
HEROMOTOCO,Mar 2024,86.14676228532112,9.902352536452407,21.14243742584327,0.03423922255494661,0.13027600624520363
HINDALCO,Mar 2022,85.46747394378112,7.038895923797416,17.559565678914453,0.8247240731030425,0.08632259982876976
HINDUNILVR,Mar 2013,84.37268552806991,14.216412383350615,133.99650959860384,0.008726003490401396,0.13349874092727004
HINDUNILVR,Mar 2014,83.72100978312923,13.532188547581583,111.84619734238055,0.013005371783997738,0.13060135458712457
HINDUNILVR,Mar 2015,83.07268860252721,13.68697610409108,108.66650111745717,0.010677924012912838,0.10296509445765044
HINDUNILVR,Mar 2016,81.63797924563475,12.896911700739452,63.15228966986155,0.026928343222272933,0.1295905051885913
HINDUNILVR,Mar 2017,80.91791809902901,13.539593510644716,66.57769869513642,0.041073546856465006,0.15635365780109764
HINDUNILVR,Mar 2018,78.90279926853285,14.705303136868759,71.78958934212334,0.0,0.17045998030665355
HINDUNILVR,Mar 2019,77.41032816077335,15.41592470109387,77.03063429515699,0.01258421253336723,0.1475451539048588
HINDUNILVR,Mar 2020,75.21303069150139,16.982128044642185,82.09989063069631,0.0,0.1916145087097504
HINDUNILVR,Mar 2021,75.27855745513311,17.00901590541805,16.778537567646936,0.0,0.19484137109806923
HINDUNILVR,Mar 2022,75.48526103039318,16.954581855622926,18.12437577709382,0.02125924869040582,0.1725203066010754
HINDUNILVR,Mar 2023,76.64740838560581,16.743149554308353,20.16340648854962,0.024232665394402036,0.16492241663915483
HINDUNILVR,Mar 2024,76.31672482874498,16.611735814915342,20.074973642078955,0.028974188761763442,0.2499192193356598
ICICIBANK,Mar 2014,66.39584470179268,23.599911073384668,15.278032186314276,7.1052597147716865,0.13672467107257624
ICICIBANK,Mar 2015,70.52980132450331,23.546321228440434,15.278909155303703,7.050433858686028,-0.22329160905319845
ICICIBANK,Mar 2023,72.57469004765956,29.290392922926973,16.53208887728557,6.526373206276982,-0.03114804199327645
ICICIBANK,Mar 2024,62.41380175029464,28.888011233982798,17.99027109750765,6.445624336310825,0.9860076732114647
ICICIGI,Mar 2013,104.46161515453637,8.798604187437686,18.877005347593585,0.0,0.2452642073778664
ICICIGI,Mar 2014,105.19301470588236,11.948529411764707,21.72096908939014,0.0,0.13671875
ICICIGI,Mar 2015,105.24326877657062,13.816721776098253,20.27027027027027,0.0,-0.023145961265942372
ICICIGI,Mar 2016,87.33631692358695,8.403779214321233,15.66265060240964,0.0,0.08470081219956904
ICICIGI,Mar 2017,87.77925531914894,9.335106382978724,17.9953857985132,0.12432709561650859,0.21648936170212765
ICICIGI,Mar 2018,103.79050925925925,12.471064814814815,18.982602950891874,0.1068046685752037,0.34577546296296297
ICICIGI,Mar 2019,85.04882200125414,9.39711547075159,19.425925925925927,0.08981481481481482,0.2665950013437248
ICICIGI,Mar 2020,84.61404879742989,10.367283146652774,19.46527551353114,0.07906749266384089,0.2980810975080316
ICICIGI,Mar 2021,82.97015048104596,12.112490749116027,19.38412949072246,0.06382418739307803,0.14587616149987664
ICICIGI,Mar 2023,92.92906690534795,9.672186171402998,16.554959785522787,0.003351206434316354,0.1281047214141866
ICICIGI,Mar 2024,87.42129155073948,9.366915605017816,15.7230643179025,0.0028676771814829987,0.11748913945428809
ICICIPRULI,Mar 2013,96.27965043695382,7.5655430711610485,38.24791719262812,0.0,-0.13188514357053682
ICICIPRULI,Mar 2014,93.12865497076024,7.131761695906433,35.614875655943415,0.0,-0.10882675438596491
ICICIPRULI,Mar 2015,95.1963544538937,4.760107973180855,31.14909781576448,0.0,0.015180100426668215
ICICIPRULI,Mar 2016,91.16984028010936,7.91404863542616,30.99755776817584,0.19331204208153296,0.17430092570387068
ICICIPRULI,Mar 2017,95.22424370636767,4.447852760736196,26.256634405245084,0.0,0.10921303152104929
ICICIPRULI,Mar 2018,95.44190358467245,4.169241862381541,24.627319744447824,0.0,0.1465286361763494
ICICIPRULI,Mar 2019,98.69522224634011,2.747027470274703,16.57691747926066,0.0,0.2743892144803801
INDUSINDBK,Mar 2014,30.95468863581294,17.058395929246426,15.570054185557892,8.3229016919164,-0.49745577901623456
INDUSINDBK,Mar 2015,32.32562938505985,18.510111432108957,16.85456595264938,8.901916572717024,-0.14661576557985967
INDUSINDBK,Mar 2018,37.931832648573575,20.866847983334296,15.125204479677864,7.966444360555346,-1.1978473467970603
INFY,Mar 2013,28.59337827121332,23.366871530531323,24.81707638048113,0.0,0.1827170896114195
INFY,Mar 2014,26.70895418187621,21.255460475136136,23.92993487536492,0.0,0.19597869666686613
INFY,Mar 2015,27.913126652787934,23.20373600405109,24.385052034058656,0.0,0.15666085260413737
INFY,Mar 2016,27.352220496148366,21.602793036626576,21.84665716506867,0.0,0.1605996060280905
INFY,Mar 2017,27.165469306699375,20.958180012849716,20.80687715635963,0.0,0.16837509491268032
INFY,Mar 2018,26.68954368849437,22.729077451008195,24.689247262141308,0.0,0.18743087263548963
INFY,Mar 2019,24.396734200181434,18.639250075597218,23.726673646609594,0.0,0.179510130027215
INFY,Mar 2020,24.525558700752278,18.32670639160269,25.422459893048128,0.0707868601986249,0.18727627187716844
INFY,Mar 2021,27.757982323433396,19.331754120550997,25.43909051616875,0.06974368377624393,0.2311489768293654
INFY,Mar 2022,25.88847510296693,18.20603250548746,29.39084273390843,0.07264764432647644,0.1963564916434426
INFY,Mar 2023,23.93589839677857,16.426035825492104,31.970506716883047,0.11005609558794277,0.15307937070322347
INFY,Mar 2024,23.703390381987376,17.08075746730006,29.788006718416632,0.09486358890553362,0.16405284050237523
IOC,Mar 2017,9.609177807354964,5.736129596852938,19.966502115655853,0.6197206550697383,0.07939692553583638
IOC,Mar 2018,9.883461607812247,5.36807341539104,19.869329258654304,0.5765143931011468,0.06907604414793163
IOC,Mar 2019,6.676411225428754,3.2706122031664764,15.358898896584835,0.8603704131805209,0.024134823291515037
IOC,Mar 2021,10.971012501717269,5.9793927737326555,19.458502476796795,1.043017578998194,0.13641983788982004
IOC,Mar 2022,8.103902626921492,4.365532536597202,19.266110008611975,0.9886546598270116,0.04368926272778333
IOC,Mar 2024,9.743776019125345,5.559462717942377,23.53162465856491,0.7230954600718581,0.09158088083755822
IRCTC,Mar 2015,14.353163361661943,12.370160528800756,29.504504504504503,0.0,0.06515580736543909
IRCTC,Mar 2016,13.89904901243599,13.825896122896856,34.87084870848708,0.0,0.21068032187271396
IRCTC,Mar 2017,20.657894736842106,15.06578947368421,29.09783989834816,0.0,0.22236842105263158
IRCTC,Mar 2018,18.69031377899045,15.075034106412005,23.141361256544503,0.0,0.01637107776261937
IRCTC,Mar 2019,20.481283422459892,16.524064171122994,28.851540616246496,0.0,0.26684491978609626
IRCTC,Mar 2020,31.051236749116605,22.659010600706715,39.04109589041096,0.0,0.18065371024734983
IRCTC,Mar 2022,46.514103246407664,35.125066524747204,35.294117647058826,0.05614973262032086,0.2788717402873869
IRCTC,Mar 2023,36.0350183563965,28.410053657158997,40.597255851493145,0.03389830508474576,0.22931375317706862
IRCTC,Mar 2024,34.33255269320843,26.01873536299766,34.39628482972136,0.018575851393188854,0.20655737704918034
ITC,Mar 2013,35.48927825921943,24.36586754380416,33.26712151308403,0.0044045254339753,0.224618887975204
ITC,Mar 2014,37.04752733246474,25.49425026907608,33.04695818188493,0.00888497264750156,0.20800996997677448
ITC,Mar 2015,36.715871911791226,25.192570265605273,30.813587093521555,0.008476178472397277,0.2535744647963521
ITC,Mar 2016,37.07644417228006,24.242192284139623,22.261012183692596,0.0019681349578256793,0.2500255154113084
ITC,Mar 2017,36.171904227459784,24.497287691732136,22.57341693060134,0.0009911016310085537,0.2484801720912832
ITC,Mar 2018,38.02389007802251,26.45170199544293,21.88725956960579,0.0006855836983431727,0.3030909802296946
ITC,Mar 2019,38.347124534546964,26.553578816714936,21.70406317106576,0.00021981366564650582,0.2603020273065784
ITC,Mar 2020,39.16740908722767,31.57244674819794,23.88889740015014,0.004243714859130115,0.2974406738478983
ITC,Mar 2021,34.64482205574842,27.16974237164261,22.17674449434106,0.004490695477819941,0.2543191830602757
ITC,Mar 2022,34.00610108005606,25.563525434908072,24.822672324073334,0.003986870546793691,0.2601368620661225
ITC,Mar 2023,36.24416587938352,27.463726222873987,28.16426867182416,0.004424842744559323,0.2661910066413796
ITC,Mar 2024,37.0177518132814,29.282025230717128,27.851074395694365,0.004066731984914169,0.24241526260830298
JINDALSTEL,Mar 2022,30.322870656295198,13.223625063518742,18.992280701754385,0.37900350877192984,0.31364578040104757
JSWENERGY,Mar 2015,38.7717984380015,14.528725794372527,18.063314711359403,1.2362330407023145,0.3631111586605328
JSWENERGY,Mar 2016,41.01180781758957,14.861563517915311,15.045342126957955,1.5315333882934872,0.3601384364820847
JSWSTEEL,Mar 2017,22.135098194374507,6.235162937918135,15.30887093213229,1.9134543206605732,0.14186029782030068
JSWSTEEL,Mar 2018,20.735962631893567,8.49818581179709,21.83370240731481,1.4069933566683335,0.17209069550832023
JSWSTEEL,Mar 2019,22.334438453461072,8.877142890852673,21.623796522488863,1.3621497341572064,0.1726465070731621
JSWSTEEL,Mar 2021,25.273362642317664,9.861095454602388,16.835600034214355,1.3341886921563595,0.2353361139292827
JSWSTEEL,Mar 2022,26.722506507436584,14.304746158733629,31.112828209281247,1.0734059467732588,0.17947544253984737
LICI,Mar 2019,1.0358560160137742,0.4596611071061123,324.32098765432096,332.59382716049384,0.023226271548254792
LICI,Mar 2020,-1.1061344525772918,0.43149911709867,270.45908183632736,252.90818363273453,0.08656572877971731
LICI,Mar 2021,-0.03647342505724301,0.43044431000095523,43.201626961069145,0.0005810575246949448,0.11665996057396434
LICI,Mar 2022,0.4596424020806903,0.5700616081127022,36.38207796789557,8.819897689186806e-05,-0.005227983184219036
LICI,Mar 2023,4.359645590012082,4.5877791768838225,77.85997015119071,0.0,0.06948388280815877
LICI,Mar 2024,3.87474201090824,4.836600998148862,49.44710986501021,0.0,0.030878309530170244
LODHA,Mar 2016,25.772820947993697,8.522245120620681,17.694437452806444,3.4822552227535866,0.04691477754879379
LODHA,Mar 2018,17.381419861527334,8.20502221762943,15.411490683229815,4.3897515527950315,0.07192311666838896
LODHA,Mar 2019,26.698580666834637,13.80700428319476,42.80135381411091,6.675605311116897,-0.038884689678340474
LODHA,Mar 2020,15.406252511452223,5.96319215623242,16.300527240773285,4.047231985940246,0.3031423290203327
LT,Mar 2013,15.309166151613685,7.1090747856931715,395.1456310679612,0.17475728155339806,-0.05851449762179883
LT,Mar 2014,16.561243445340608,5.743410068897406,303.41614906832297,0.06832298136645963,-0.08398194088461448
LT,Mar 2015,17.06099272264465,5.401995017894244,245.11352418558738,0.10760118460019744,-0.01484841562510198
LT,Mar 2016,15.314174956982654,4.541049425446491,216.09411764705882,0.02588235294117647,-0.03204050552797611
LT,Mar 2017,15.20418618266979,5.933474824355972,206.29770992366412,0.0,0.060880781615925056
LT,Mar 2018,16.8035560605934,6.687666585897746,207.3575129533679,0.0,-0.08381307286749162
LT,Mar 2019,16.910220381600354,7.555834935660405,208.80850194154914,0.0,-0.03517231178819701
LT,Mar 2020,16.880482908450897,7.489756070731238,201.59141376757955,0.1687638786084382,0.046022055385969256
LT,Mar 2021,17.252664014296325,9.502202545981364,176.90306681270536,0.1092552026286966,0.1696879665242427
LT,Mar 2022,15.534017799528499,6.656614767347513,72.92133258678611,0.018057110862262037,0.12243724484254509
LT,Mar 2023,14.817198553515034,6.834805089968965,75.52434908389586,0.09287608486017358,0.12423298662055951
LT,Mar 2024,13.506668535997433,7.031246466738726,77.66510140873214,0.10345688880007993,0.08260934454328782
LTIM,Mar 2013,22.591534666320438,14.593612048818489,41.97162061239731,0.17475728155339806,0.1578810698519865
LTIM,Mar 2014,23.3130081300813,20.243902439024392,61.86335403726708,0.06832298136645963,0.12764227642276424
LTIM,Mar 2015,20.188830855765367,15.447971072719968,37.95656465942744,0.10760118460019744,0.12896745680996385
LTIM,Mar 2016,17.584673280875812,14.300376325692781,39.34117647058824,0.02588235294117647,0.1467670201847417
LTIM,Mar 2017,18.920166128287956,14.936163667128133,30.884223918575067,0.0,0.17997231195200739
LTIM,Mar 2018,16.24692033944703,15.22036682179031,28.808290155440414,0.0,0.11552148918696961
LTIM,Mar 2019,19.934363751852636,16.049121321194157,30.983036991620683,0.0,0.14768155833156893
LTIM,Mar 2020,18.650611269418146,13.971872414744002,28.127313101406365,0.1687638786084382,0.15111683059104697
LTIM,Mar 2021,22.029102667744542,15.666936135812449,26.533406352683457,0.1092552026286966,0.19401778496362165
LTIM,Mar 2022,20.10417863571948,15.128882760733847,27.645576707726764,0.018057110862262037,0.12451645026619174
LTIM,Mar 2023,18.40701564053883,13.289937618660158,26.57907425265188,0.09287608486017358,0.09327065063436096
LTIM,Mar 2024,17.982937748120616,12.90931103415266,22.904386052552702,0.10345688880007993,0.1596418616437199
M&M,Mar 2013,13.270638929730833,6.010801682849781,20.685336405991684,1.438354791844096,-0.01342203717991644
M&M,Mar 2014,13.743057526249643,6.964770746341266,22.11352812459776,1.5088599991418887,-0.00329725273982784
M&M,Mar 2018,14.361413338545399,8.641170977479531,21.63970088375255,1.52,0.007405477012617543
M&M,Mar 2019,14.521442690577821,5.745743451647711,15.0488957807068,1.771953080059025,-0.04151029879393818
M&M,Mar 2022,16.28350578345588,8.043606037417796,15.391634658234832,1.6468603442055896,0.10256069024409178
M&M,Mar 2023,16.72727572586564,9.379148834409454,20.178831210304086,1.6365716921548452,-0.05833312718007075
M&M,Mar 2024,17.89787025985418,8.82238743726542,18.537543435564285,1.6414413053331318,-0.04048088123211435
MARUTI,Mar 2015,13.566662073581229,7.49788389992323,15.66329467883872,0.027387120651369355,0.12694631995433162
MARUTI,Mar 2016,15.66965913629339,9.54522565073191,17.954664227854717,0.0075450744708649075,0.14728507180190661
MARUTI,Mar 2017,15.305867665418226,11.031798487185137,20.258934592043158,0.013054619015509103,0.15101711096423587
MARUTI,Mar 2018,15.183751206004336,9.874826147426981,18.517822317253696,0.002843111915223572,0.14770264005312683
MARUTI,Mar 2019,12.845656922433424,8.889482734581959,16.24692092075087,0.00339760468869447,0.07669517125993401
MARUTI,Mar 2024,13.130031439890594,9.50809964894472,15.750385351954785,0.001389602503619973,0.1184353367451959
MOTHERSON,Mar 2013,5.850264843070598,1.7867025061269666,19.746614242027086,2.142420270860638,0.058739821329749385
MOTHERSON,Mar 2014,7.881238903136713,3.6068915630959424,37.07333558634674,1.6356877323420074,0.08861050831853752
MOTHERSON,Mar 2015,8.2051873863997,3.7275323851014104,38.86883273164862,1.5436221419975933,0.09780444880413144
MOTHERSON,Mar 2016,9.533533963886502,4.766766981943251,40.34569024334774,1.3802592676825107,0.05879191745485812
MOTHERSON,Mar 2017,9.842835567302247,5.12554276005286,26.25725338491296,1.251088007736944,0.08967340003775721
MOTHERSON,Mar 2018,9.10786281370442,4.013995701827612,22.865236746256574,1.0495750708215297,0.057972044118430634
MOTHERSON,Mar 2019,8.418997843300852,3.3027407395746424,19.13709750980571,1.0520842834990423,0.06788092501928436
NAUKRI,Mar 2018,22.16599190283401,50.708502024291505,24.49877750611247,0.0004889975550122249,0.2560728744939271
NAUKRI,Mar 2019,0.7819287576020852,51.433536055603824,23.27959103421156,0.00039323633503735744,0.23979148566463945
NAUKRI,Mar 2021,6.560283687943262,125.70921985815602,26.278724981467754,0.012045959970348406,0.24468085106382978
NAUKRI,Mar 2022,28.067967275015732,810.6985525487728,74.71291033522793,0.0037118663728105787,0.44493392070484583
NESTLEIND,Dec 2013,21.404241292165697,12.27337655202725,47.170608108108105,0.5021114864864865,0.1973409515437864
NESTLEIND,Dec 2014,20.690005073566716,12.02435312024353,41.76947479732112,0.007049700387733521,0.16681887366818873
NESTLEIND,Dec 2015,19.021406727828747,6.886850152905198,19.985800496982606,0.006389776357827476,0.1343119266055046
NESTLEIND,Dec 2016,20.238485942457064,10.95066185318893,30.499695307739184,0.010054844606946984,0.1603763264413084
NESTLEIND,Dec 2017,20.94905094905095,12.237762237762238,35.8187134502924,0.01023391812865497,0.18161838161838162
NESTLEIND,Dec 2018,23.18455543747786,14.231314204746722,43.75170160631636,0.00952899537163082,0.18172157279489903
NESTLEIND,Dec 2019,23.655913978494624,15.910744603444094,102.60688216892598,0.09854014598540146,0.18554450642735873
NESTLEIND,Dec 2020,23.98501872659176,15.595505617977528,103.12035661218424,0.07280832095096583,0.18382022471910112
NESTLEIND,Dec 2021,24.163896614883658,14.368089003459739,108.83864337101747,0.1366906474820144,0.15168577437080252
NESTLEIND,Dec 2022,21.932887494821564,14.150440906669823,97.23464823098821,0.11020740138267589,0.16198141681955378
NESTLEIND,Dec 2023,23.376555474223572,15.680225870542715,121.96014640097602,0.11020740138267589,0.1773502039109066
NESTLEIND,Mar 2024,23.829630236943512,16.12281708616873,117.75449101796407,0.10329341317365269,0.17114864310896122
NTPC,Mar 2013,25.376828211079726,17.598366844710423,15.492368291482029,0.8668020679468242,0.23082300959199084
ONGC,Mar 2013,26.855121493480837,14.812574081390755,15.730882198678275,0.1356210007342914,0.2461601145792177
ONGC,Mar 2014,28.216010705199256,15.314063208917936,15.489218829871277,0.285288582183187,0.3059366762194106
ONGC,Mar 2017,18.691284432897,10.325090440557014,15.005710287777926,0.41170145998168595,0.1620496555825363
ONGC,Mar 2019,17.745431948845418,8.049352029296244,15.644389537831781,0.4966579697050716,0.14576494696696582
ONGC,Mar 2022,16.259470815029538,10.03448374134344,18.995541477362497,0.4700754904567577,0.1592847575349214
ONGC,Mar 2024,17.388518015001793,9.655290194725701,16.940398136885513,0.45444863084819176,0.16784523398873175
PFC,Mar 2013,34.578953448076696,25.63243617881483,18.741554054054056,5.889907094594594,-1.4498094027954256
PFC,Mar 2014,35.53510533937497,25.515018451908254,19.845941428675243,5.785008356950803,-1.0497967954407437
PFC,Mar 2015,33.73219145189691,24.027533215943652,18.52457498997254,5.794174817191694,-0.8586121338242356
PFC,Mar 2016,32.88467750619145,22.19590108036323,17.164427667369825,5.569557011213501,-0.47729801514662074
PFC,Mar 2018,24.169134583744654,18.091888779203686,22.08414921925993,11.074735150876135,-1.1753043764396183
PFC,Mar 2019,32.866964846782246,23.361549550881602,26.824558052672902,11.448993017975,-1.4832366096181568
PFC,Mar 2020,22.53131582755793,15.23902941034588,19.18421052631579,12.076133603238866,-0.677740436411584
PFC,Mar 2021,27.731104164340735,21.932566707602994,25.86272154294272,10.855925090921058,-0.8253740091548509
PFC,Mar 2022,30.602396999816424,24.60989745876059,26.18449690272895,9.214744126346336,0.06430463402480921
PFC,Mar 2023,34.11384583698059,27.263014262911284,25.165759642577058,8.925568573397657,-0.9618068070645178
PFC,Mar 2024,36.68859553263103,28.916597455960137,26.1609340860332,8.521864217426122,-1.0689775757310835
PIDILITIND,Mar 2013,15.171288743882544,11.52800435019032,25.681405208964264,0.06723198061780739,0.12833061446438282
PIDILITIND,Mar 2014,15.689936960074713,10.506654214335747,23.05327868852459,0.0235655737704918,0.09199159467662853
PIDILITIND,Mar 2015,15.91659785301404,10.611065235342693,22.643171806167402,0.02555066079295154,0.11395540875309662
PIDILITIND,Mar 2016,21.88024622271964,15.05316172355904,30.591357088703564,0.030326004548900682,0.16918485357209476
PIDILITIND,Mar 2017,22.467509346626315,15.364073348762686,24.863151829443964,0.028233938346297897,0.1413565960477123
PIDILITIND,Mar 2018,22.063178677196447,15.893385982230997,27.028539451594852,0.03497481813094572,0.1309641329384666
PIDILITIND,Mar 2019,19.369878496750495,13.111048318734106,22.372227579556416,0.027242044358727097,0.11938400678157672
PIDILITIND,Mar 2020,21.606800109679188,15.382506169454347,25.179533213644522,0.06463195691202872,0.17548670139840966
PIDILITIND,Mar 2021,23.118058412176058,15.439462498286026,20.132308242445916,0.059181119256213124,0.19086795557383793
PIDILITIND,Mar 2022,18.707791553270837,12.166112287067836,18.847595252966894,0.06495940037476577,0.09626045761515976
PIDILITIND,Mar 2023,16.831934909738113,10.924654631748453,17.872989462007766,0.05421519689406545,0.1320450885668277
PIDILITIND,Mar 2024,21.868690947266415,14.108051360736493,20.780302129178065,0.045438325205186154,0.21997900347250263
PNB,Mar 2013,,11.655174014998492,812.2977346278317,10.833333333333334,-0.016066494857328598
PNB,Mar 2013,,11.655174014998492,812.2977346278317,10.833333333333334,-0.016066494857328598
PNB,Mar 2013,,11.655174014998492,812.2977346278317,10.833333333333334,-0.016066494857328598
PNB,Mar 2013,,11.655174014998492,812.2977346278317,10.833333333333334,-0.016066494857328598
PNB,Mar 2013,,11.655174014998492,812.2977346278317,10.833333333333334,-0.016066494857328598
PNB,Mar 2014,,8.172071711375061,393.3618843683083,10.822269807280515,0.37603985942435164
PNB,Mar 2014,,8.172071711375061,393.3618843683083,10.822269807280515,0.37603985942435164
PNB,Mar 2014,,8.172071711375061,393.3618843683083,10.822269807280515,0.37603985942435164
PNB,Mar 2014,,8.172071711375061,393.3618843683083,10.822269807280515,0.37603985942435164
PNB,Mar 2014,,8.172071711375061,393.3618843683083,10.822269807280515,0.37603985942435164
PNB,Mar 2015,,7.236707041675221,223.2425585813806,10.437618746041798,0.0988298090741121
PNB,Mar 2015,,7.236707041675221,223.2425585813806,10.437618746041798,0.0988298090741121
PNB,Mar 2015,,7.236707041675221,223.2425585813806,10.437618746041798,0.0988298090741121
PNB,Mar 2015,,7.236707041675221,223.2425585813806,10.437618746041798,0.0988298090741121
PNB,Mar 2015,,7.236707041675221,223.2425585813806,10.437618746041798,0.0988298090741121
PNB,Mar 2017,,2.578134753839111,22.212262459662963,6.3637504481893155,0.4564900744933206
PNB,Mar 2017,,2.578134753839111,22.212262459662963,6.3637504481893155,0.4564900744933206
PNB,Mar 2017,,2.578134753839111,22.212262459662963,6.3637504481893155,0.4564900744933206
PNB,Mar 2017,,2.578134753839111,22.212262459662963,6.3637504481893155,0.4564900744933206
PNB,Mar 2017,,2.578134753839111,22.212262459662963,6.3637504481893155,0.4564900744933206
PNB,Mar 2021,,3.289192652712516,30.393594225780983,6.69831961204466,0.37773845121132604
PNB,Mar 2021,,3.289192652712516,30.393594225780983,6.69831961204466,0.37773845121132604
PNB,Mar 2021,,3.289192652712516,30.393594225780983,6.69831961204466,0.37773845121132604
PNB,Mar 2021,,3.289192652712516,30.393594225780983,6.69831961204466,0.37773845121132604
PNB,Mar 2021,,3.289192652712516,30.393594225780983,6.69831961204466,0.37773845121132604
PNB,Mar 2022,,5.125783688780462,39.87348229772472,5.403632282420161,0.26274232050575796
PNB,Mar 2022,,5.125783688780462,39.87348229772472,5.403632282420161,0.26274232050575796
PNB,Mar 2022,,5.125783688780462,39.87348229772472,5.403632282420161,0.26274232050575796
PNB,Mar 2022,,5.125783688780462,39.87348229772472,5.403632282420161,0.26274232050575796
PNB,Mar 2022,,5.125783688780462,39.87348229772472,5.403632282420161,0.26274232050575796
PNB,Mar 2023,,3.8678104669238302,30.667397060166163,4.895553729571807,0.2601416316425816
PNB,Mar 2023,,3.8678104669238302,30.667397060166163,4.895553729571807,0.2601416316425816
PNB,Mar 2023,,3.8678104669238302,30.667397060166163,4.895553729571807,0.2601416316425816
PNB,Mar 2023,,3.8678104669238302,30.667397060166163,4.895553729571807,0.2601416316425816
PNB,Mar 2023,,3.8678104669238302,30.667397060166163,4.895553729571807,0.2601416316425816
PNB,Mar 2024,,8.395910695456838,61.320565191187306,3.684256345007701,-0.25616833998074545
PNB,Mar 2024,,8.395910695456838,61.320565191187306,3.684256345007701,-0.25616833998074545
PNB,Mar 2024,,8.395910695456838,61.320565191187306,3.684256345007701,-0.25616833998074545
PNB,Mar 2024,,8.395910695456838,61.320565191187306,3.684256345007701,-0.25616833998074545
PNB,Mar 2024,,8.395910695456838,61.320565191187306,3.684256345007701,-0.25616833998074545
POWERGRID,Mar 2013,82.84534821496827,32.97148536044645,16.3352649320153,2.6221641480134834,0.8936625640241572
POWERGRID,Mar 2013,82.84534821496827,32.97148536044645,16.3352649320153,2.6221641480134834,0.8936625640241572
POWERGRID,Mar 2018,86.66955999198771,27.388662616011217,15.073678021533826,2.416179767023114,0.7581625158576484
POWERGRID,Mar 2018,86.66955999198771,27.388662616011217,15.073678021533826,2.416179767023114,0.7581625158576484
POWERGRID,Mar 2019,76.78484839841411,28.62032573661542,16.981164006837144,2.477212340706392,0.6637667931201688
POWERGRID,Mar 2019,76.78484839841411,28.62032573661542,16.981164006837144,2.477212340706392,0.6637667931201688
POWERGRID,Mar 2020,87.12908011869436,29.300021195421788,17.0937925064919,2.2917954742178805,0.8144075879610004
POWERGRID,Mar 2020,87.12908011869436,29.300021195421788,17.0937925064919,2.2917954742178805,0.8144075879610004
POWERGRID,Mar 2021,88.05751765893038,30.363269424823407,17.210020590253947,2.0480439258750858,0.7417507568113018
POWERGRID,Mar 2021,88.05751765893038,30.363269424823407,17.210020590253947,2.0480439258750858,0.7417507568113018
POWERGRID,Mar 2022,86.07467204843591,40.420931238287444,22.065130431361236,1.7665744226002336,0.627648839556004
POWERGRID,Mar 2022,86.07467204843591,40.420931238287444,22.065130431361236,1.7665744226002336,0.627648839556004
POWERGRID,Mar 2023,86.78376422603776,33.81356489704624,18.57249536289837,1.5487196781731023,0.881586737714624
POWERGRID,Mar 2023,86.78376422603776,33.81356489704624,18.57249536289837,1.5487196781731023,0.881586737714624
POWERGRID,Mar 2024,86.87476823070044,33.97028990249329,17.870011245496066,1.4173456039290386,0.8134284405470846
POWERGRID,Mar 2024,86.87476823070044,33.97028990249329,17.870011245496066,1.4173456039290386,0.8134284405470846
RECLTD,Mar 2013,97.33020390200969,28.113539680211236,21.86537364517969,6.147290359383914,-1.4712483497139504
RECLTD,Mar 2014,96.67305347500435,27.527143935435173,22.789982214103734,6.065134836321684,-1.0012192997735587
RECLTD,Mar 2015,94.4071261682243,26.012461059190027,21.31461391193363,6.021817166560306,-1.1632593457943925
RECLTD,Mar 2016,93.03626943005182,23.589637305699483,19.69681237670024,5.856505035821825,-0.5503834196891192
RECLTD,Mar 2017,92.2425836141014,25.938861040348428,18.749071901636423,4.9850613287398655,0.27960391157860137
RECLTD,Mar 2019,93.29738664987406,22.59524559193955,16.618421814392402,7.0702541538817805,-1.411602644836272
RECLTD,Mar 2021,90.74162612143881,23.562167786933657,19.143588337446303,7.534114797550498,-1.2237252861602497
RECLTD,Mar 2022,87.68204501476728,25.55250025460841,19.558015356432943,6.490295046186226,-0.02085242896425298
RECLTD,Mar 2023,95.29453477181787,28.28090968951021,19.213695801789402,6.551789401238816,-0.9461581319961505
RECLTD,Mar 2024,100.7702506471368,29.7682934528695,20.39653929343908,6.4249170872386445,-1.214786287013069
SBILIFE,Mar 2013,2.8715534633490245,4.236718224613315,23.026315789473685,0.0,0.07599193006052454
SBILIFE,Mar 2014,2.9609456483949472,4.218333526480473,21.69249106078665,0.0,0.009618727546645034
SBILIFE,Mar 2015,3.3933074062994146,3.4830548314030514,20.09368836291913,0.0,0.11585965212188555
SBILIFE,Mar 2016,4.760919064375906,4.367625750362244,17.832241707162478,0.0,0.29900641689091284
SBILIFE,Mar 2017,3.496137226659683,3.1262275762734055,17.201008645533143,0.0,0.27906900615424907
SBILIFE,Mar 2018,3.9098274040154988,3.3756017377010687,17.61642156862745,0.0,0.3051250440295879
SBILIFE,Mar 2019,3.304636355483813,2.9750695004932295,17.51583949313622,0.0,0.30205811138014527
SBILIFE,Mar 2020,3.0846157358783506,3.246723594684689,16.264440123527393,0.0,0.44063655874697477
SHREECEM,Jun 2013,28.811369509043928,18.530823181985973,26.11862643080125,0.3350676378772112,0.23255813953488372
SHREECEM,Jun 2014,24.32195975503062,13.770778652668417,16.705582678836763,0.25472298874973465,0.2451443569553806
SHREECEM,Mar 2017,29.24133116127531,15.580637654177332,17.394128345024683,0.16796570537802027,0.25622527344659063
SHREECEM,Mar 2018,25.15000508491813,14.075053391640393,15.55580532763853,0.3824884792626728,0.19109122343130275
SHREECEM,Mar 2021,30.169616519174042,17.234513274336283,15.17828148340586,0.14483340910566994,0.31371681415929203
SHRIRAMFIN,Mar 2013,31.088600370951635,20.873163076045085,19.937312619242302,4.549741073862088,-1.1926095020687688
SHRIRAMFIN,Mar 2014,23.58423784804153,16.021708352996697,15.957696827262044,4.539365452408931,-0.4784096271826333
SHRIRAMFIN,Mar 2018,28.181010220708043,18.878684639312695,18.619430241051862,5.999342585829072,-0.9733372833654274
SHRIRAMFIN,Mar 2019,24.465756951596294,16.580844490216272,16.13731754682704,5.507360771784752,-0.35626930998970135
SHRIRAMFIN,Mar 2024,28.918874354182698,20.333626470264925,15.116350338120824,3.994034363699512,-0.8547048477520062
SIEMENS,Sep 2011,9.795064826432455,7.26056043496445,22.746331236897273,0.0,0.0002509410288582183
SIEMENS,Sep 2015,9.448073463978037,11.114266780270757,22.94313074066836,0.004885675200312683,0.054340622929092114
SIEMENS,Sep 2016,9.421426594075852,26.889360524130296,42.83404380420402,0.003674849331177422,0.04733782412106671
SIEMENS,Sep 2024,13.956834532374101,12.221223021582734,17.698769290877124,0.018167610861496385,0.07508992805755396
SUNPHARMA,Mar 2013,42.979067469230074,31.165214266463032,23.142094729819878,0.01734489659773182,0.30159015362501124
SUNPHARMA,Mar 2014,43.55099502487562,24.12313432835821,20.939271255060728,0.13824561403508773,0.24620646766169155
SUNPHARMA,Mar 2015,28.818633177570092,19.99123831775701,21.358920352601608,0.35088540447772837,0.2050233644859813
SUNPHARMA,Mar 2016,28.693790149892934,19.861691297784954,17.154291604766094,0.25761756056150137,0.23470354898725734
SUNPHARMA,Mar 2017,31.99062638545823,24.846412059028438,21.413755458515286,0.2683406113537118,0.2242700614351764
SUNPHARMA,Mar 2023,26.546051132479608,19.39798569019733,15.20314313778016,0.12297526564871863,0.11299731121542178
SUNPHARMA,Mar 2024,26.84289749881436,19.815658700538176,15.094161810671148,0.051423814535002436,0.2502216631956616
TATAMOTORS,Mar 2013,13.02802540348424,5.284094219595007,26.505832026994714,1.427212583362117,0.11739312368572988
TATAMOTORS,Mar 2014,14.96903373218688,6.034342063444342,21.416377050179864,0.9243643680263398,0.15526512450930707
TATAMOTORS,Mar 2015,14.910757374819026,5.347717539586334,25.013330489495573,1.3083431090256301,0.13501723292762172
TATAMOTORS,Mar 2024,13.595385542828959,7.263066074788551,37.45613415294755,1.2631244259167667,0.15508257065088324
TATAPOWER,Mar 2018,8.550670640834575,9.728017883755587,15.921702542837979,2.962924568571254,0.23710879284649777
TATASTEEL,Mar 2018,17.38999910749783,14.396060008600475,29.148527213287117,1.5138078888140494,0.06509586284675738
TATASTEEL,Mar 2022,26.02486483384503,17.113121467131773,36.48016916718366,0.6602500808262629,0.18191991277222813
TCS,Mar 2013,28.639921256092332,22.346758957913288,36.51740777253152,0.008613085663882115,0.18439727571480735
TCS,Mar 2014,30.746005940666677,23.630651884267014,39.29667649151337,0.006037198902327472,0.1803102348152404
TCS,Mar 2015,25.866368016228552,21.194320006761895,39.616865804285574,0.007070208353905401,0.20464246471135153
TCS,Mar 2016,28.2357380851573,22.401192864900686,34.2441467807294,0.0034472084646555608,0.1758831434199142
TCS,Mar 2017,27.390095451231712,22.342878456504415,30.571600900085834,0.003352123785000116,0.21381584524354474
TCS,Mar 2018,26.41343904341045,21.02287496750715,30.401278075368854,0.002901513015694014,0.20362457759292957
TCS,Mar 2019,26.973365286795982,21.549469831971216,35.28609440332715,0.000693155646982537,0.19522336699371173
TCS,Mar 2020,26.829734499741953,20.673594607165384,38.56952666238737,0.09716377814231035,0.20623896934673047
TCS,Mar 2021,28.351108864213625,19.833472410873632,37.67311096456215,0.09018546157139055,0.23634248402638616
TCS,Mar 2022,27.669305464292794,20.051211448001087,43.13375739014349,0.08770571803587655,0.20833463708710118
TCS,Mar 2023,26.283831134845514,18.763139919630266,46.7829337344068,0.08502167566132886,0.1861322286190776
TCS,Mar 2024,26.690688396923118,19.136712150207767,50.944313673485176,0.0886406082507266,0.1840568219084822
TECHM,Mar 2013,20.689655172413794,19.01644114651535,24.087725764835973,0.25433099889421307,0.12439982540375381
TECHM,Mar 2013,20.689655172413794,19.01644114651535,24.087725764835973,0.25433099889421307,0.12439982540375381
TECHM,Mar 2014,22.189128816083397,16.28550154238911,33.34785449793073,0.03953387061642344,0.08488458674609084
TECHM,Mar 2014,22.189128816083397,16.28550154238911,33.34785449793073,0.03953387061642344,0.08488458674609084
TECHM,Mar 2015,18.535873745634586,11.754564342867248,21.70966688438929,0.057152188112344876,0.10821802749657398
TECHM,Mar 2015,18.535873745634586,11.754564342867248,21.70966688438929,0.057152188112344876,0.10821802749657398
TECHM,Mar 2016,16.0791122518306,11.425228353589493,20.745665136042764,0.07477211979987664,0.11840416698120329
TECHM,Mar 2016,16.0791122518306,11.425228353589493,20.745665136042764,0.07477211979987664,0.11840416698120329
TECHM,Mar 2017,14.357777701520194,9.783466593459387,17.34501429701284,0.08310518951146803,0.13970007892659828
TECHM,Mar 2017,14.357777701520194,9.783466593459387,17.34501429701284,0.08310518951146803,0.13970007892659828
TECHM,Mar 2018,15.305625060930037,12.302992883371786,20.092341983760548,0.12720904314599585,0.11549085237058461
TECHM,Mar 2018,15.305625060930037,12.302992883371786,20.092341983760548,0.12720904314599585,0.11549085237058461
TECHM,Mar 2019,18.050198606873526,12.345288123884636,21.143702243036728,0.09839783090953907,0.12756893673363653
TECHM,Mar 2019,18.050198606873526,12.345288123884636,21.143702243036728,0.09839783090953907,0.12756893673363653
TECHM,Mar 2020,14.926223283063903,10.570142128675274,17.865493054600467,0.16824829230275523,0.11820548985570142
TECHM,Mar 2020,14.926223283063903,10.570142128675274,17.865493054600467,0.16824829230275523,0.11820548985570142
TECHM,Mar 2021,17.952714304583278,11.499141460837405,17.506535290569072,0.11667001809772773,0.2138158763703606
TECHM,Mar 2021,17.952714304583278,11.499141460837405,17.506535290569072,0.11667001809772773,0.2138158763703606
TECHM,Mar 2022,17.963535367110158,12.610312234018725,20.940266309603512,0.09737409804359146,0.11837566635308874
TECHM,Mar 2022,17.963535367110158,12.610312234018725,20.940266309603512,0.09737409804359146,0.11837566635308874
TECHM,Mar 2023,14.567461062112965,9.11428035278664,17.3936398796734,0.09812347801174617,0.10455995496340777
TECHM,Mar 2023,14.567461062112965,9.11428035278664,17.3936398796734,0.09812347801174617,0.10455995496340777
TITAN,Mar 2013,10.01679344067964,7.161908525140769,36.80203045685279,0.0,0.05462807468141855
TITAN,Mar 2014,9.581769927702021,6.726457399103139,29.131985731272298,0.31985731272294887,-0.0507916170952686
TITAN,Mar 2015,9.678502476286411,6.849660035255603,26.459143968871597,0.0324254215304799,0.0422227818349702
TITAN,Mar 2016,8.32742107130188,5.9861653068464,19.24721984602224,0.03222127174222983,0.05108194395175594
TITAN,Mar 2017,8.777618580800844,5.256013875273358,16.46586345381526,0.44460193716040636,0.12910036950456225
TITAN,Mar 2018,10.198511166253102,6.836228287841191,21.650294695481335,0.33222003929273086,-0.003163771712158809
TITAN,Mar 2019,10.081399464078062,7.022599726983164,22.8830313014827,0.3942339373970346,0.06284443096213155
TITAN,Mar 2020,11.69960098802964,7.091962758882767,22.38716449242765,0.5341130604288499,-0.016530495914877447
TITAN,Mar 2022,11.611514288690579,7.632209451717073,23.6267870579383,0.782005804579168,-0.025139761797284627
TITAN,Mar 2023,12.03203943314849,8.069008009858287,27.626360644671337,0.7903974348156274,0.033764633394947625
TITAN,Mar 2024,10.359408033826638,6.843630099444054,37.2192057915469,1.653145959757266,0.03318064364575993
TORNTPHARM,Mar 2013,21.76084920387137,13.581017795816422,30.590717299578056,0.4873417721518987,0.047767717764595694
TORNTPHARM,Mar 2014,22.890699904122723,15.915627996164908,34.8922753547031,0.5948502364687336,0.14357622243528284
TORNTPHARM,Mar 2015,22.001725625539258,16.199309749784298,30.148534725010034,1.099959855479727,0.17471958584987057
TORNTPHARM,Mar 2016,40.87034544638852,25.915956333183786,49.59931310818546,0.6731539782484258,0.41004934948407357
TORNTPHARM,Mar 2017,23.676066024759283,16.059147180192575,21.466329579407034,0.5768788784187543,0.1734869325997249
TORNTPHARM,Mar 2020,27.333417306965615,12.910945962967629,21.24792703150912,1.199004975124378,0.17546290464794054
TORNTPHARM,Mar 2021,30.98063710181137,15.640224859462837,21.44570058239123,0.8348749571771155,0.2504684572142411
TORNTPHARM,Mar 2023,29.54261954261954,12.941787941787942,20.087124878993222,0.8662471765085511,0.24615384615384617
TORNTPHARM,Mar 2024,31.3944817300522,15.436241610738255,24.154025670945156,0.5866394399066511,0.30443698732289337
TRENT,Mar 2023,13.516136859985439,4.780393108468818,15.177195685670261,1.7195685670261942,0.07219121572433876
TRENT,Mar 2024,15.927272727272726,11.935353535353535,36.30776794493609,0.4309242871189774,0.10901010101010102
TVSMOTOR,Mar 2013,5.832223701731025,2.6364846870838883,22.024471635150167,1.1879866518353726,0.06178428761651132
TVSMOTOR,Mar 2014,5.868320610687023,2.23043893129771,16.1068044788975,0.6270456503014643,0.05605916030534351
TVSMOTOR,Mar 2015,5.898985959438377,3.1981279251170043,24.754716981132074,0.8445283018867924,0.008092823712948519
TVSMOTOR,Mar 2016,7.198734288476752,3.7707655796782986,23.58438702583837,0.59978009895547,0.08227124901116287
TVSMOTOR,Mar 2017,6.988686512075744,4.084088903153334,22.95895354082093,0.591339648173207,0.055283639573136485
TVSMOTOR,Mar 2018,9.614443084455324,4.069767441860465,24.8319641523525,2.5870052277819267,0.021664626682986535
TVSMOTOR,Mar 2019,10.729166666666666,3.5962301587301586,22.863450015767896,2.9321980447808262,-0.045535714285714284
TVSMOTOR,Mar 2020,12.011247281022866,3.4325428404689906,19.70758452634785,3.5306122448979593,0.019788848214759402
TVSMOTOR,Mar 2021,11.49271407239586,3.1306317903300553,15.88711784687745,3.182388293702639,0.05926574326759693
TVSMOTOR,Mar 2022,11.311845616916443,3.0014370765756517,16.613636363636363,3.5970454545454547,-0.06466844590433175
TVSMOTOR,Mar 2023,12.594608119096767,4.093951335460061,23.77838328792007,4.064668483197093,-0.13776818665165447
TVSMOTOR,Mar 2024,14.050325712096054,4.544641716694342,26.223466981132077,3.833431603773585,-0.03200919657682973
ULTRACEMCO,Mar 2013,23.588768645802865,13.10324656332261,17.650535163175523,0.4821065073215576,0.17636735887686458
INDIGO,Mar 2013,90.7095512332935,8.551559274149733,17886.363636363636,2.5,0.18917744213843313
INDIGO,Mar 2014,96.10506431591257,4.263740217684627,10772.727272727272,3.1818181818181817,0.14347395880183503
INDIGO,Mar 2015,86.33393177737881,9.364452423698385,4939.39393939394,0.15151515151515152,0.1712028725314183
INDIGO,Mar 2016,80.39653035935564,12.304832713754648,1534.775888717156,0.061823802163833076,0.19306071871127634
INDIGO,Mar 2017,88.06243272335846,8.928955866523143,1692.8571428571427,0.5306122448979592,0.20355220667384283
INDIGO,Mar 2018,86.8381043395161,9.738934016767299,2242.0,0.54,0.16954085400286695
INDIGO,Mar 2019,100.52988033828123,0.547426044846826,120.93023255813952,0.6821705426356589,0.11088886549461346
INDIGO,Mar 2024,76.29890862649484,11.852722628584697,892.568306010929,0.018579234972677595,0.3074277255311738
